timeStamp,elapsed,label,responseCode,responseMessage,threadName,dataType,success,failureMessage,bytes,sentBytes,grpThreads,allThreads,URL,Latency,IdleTime,Connect
1698434403882,5278,HTTP Request convertir archivo,201,CREATED,Prueba 1 1-3,text,true,,295,24801528,35,35,http://34.67.235.140/api/tasks,5277,0,65
1698434403885,5955,HTTP Request convertir archivo,201,CREATED,Prueba 1 1-5,text,true,,295,24801492,35,35,http://34.67.235.140/api/tasks,5954,0,68
1698434403885,6642,HTTP Request convertir archivo,201,CREATED,Prueba 1 1-4,text,true,,295,24801488,35,35,http://34.67.235.140/api/tasks,6642,0,69
1698434403885,7292,HTTP Request convertir archivo,201,CREATED,Prueba 1 1-2,text,true,,295,24801524,35,35,http://34.67.235.140/api/tasks,7292,0,72
1698434404144,7677,HTTP Request convertir archivo,201,CREATED,Prueba 1 1-14,text,true,,295,24801500,35,35,http://34.67.235.140/api/tasks,7677,0,33
1698434403906,8518,HTTP Request convertir archivo,201,CREATED,Prueba 1 1-6,text,true,,295,24801516,35,35,http://34.67.235.140/api/tasks,8518,0,54
1698434404161,8946,HTTP Request convertir archivo,201,CREATED,Prueba 1 1-15,text,true,,295,24801492,35,35,http://34.67.235.140/api/tasks,8946,0,31
1698434403927,9756,HTTP Request convertir archivo,201,CREATED,Prueba 1 1-7,text,true,,295,24801512,35,35,http://34.67.235.140/api/tasks,9755,0,31
1698434404195,9998,HTTP Request convertir archivo,201,CREATED,Prueba 1 1-16,text,true,,295,24801500,35,35,http://34.67.235.140/api/tasks,9998,0,33
1698434404414,10305,HTTP Request convertir archivo,201,CREATED,Prueba 1 1-23,text,true,,295,24801528,35,35,http://34.67.235.140/api/tasks,10305,0,30
1698434404251,10994,HTTP Request convertir archivo,201,CREATED,Prueba 1 1-18,text,true,,295,24801508,35,35,http://34.67.235.140/api/tasks,10994,0,34
1698434404479,11288,HTTP Request convertir archivo,201,CREATED,Prueba 1 1-26,text,true,,295,24801520,35,35,http://34.67.235.140/api/tasks,11288,0,35
1698434404453,11843,HTTP Request convertir archivo,201,CREATED,Prueba 1 1-25,text,true,,295,24801528,35,35,http://34.67.235.140/api/tasks,11843,0,32
1698434404421,12389,HTTP Request convertir archivo,201,CREATED,Prueba 1 1-24,text,true,,295,24801500,35,35,http://34.67.235.140/api/tasks,12389,0,36
1698434404517,12855,HTTP Request convertir archivo,201,CREATED,Prueba 1 1-27,text,true,,295,24801492,35,35,http://34.67.235.140/api/tasks,12855,0,30
1698434404564,13327,HTTP Request convertir archivo,201,CREATED,Prueba 1 1-29,text,true,,295,24801516,35,35,http://34.67.235.140/api/tasks,13327,0,32
1698434404631,13755,HTTP Request convertir archivo,201,CREATED,Prueba 1 1-31,text,true,,295,24801504,35,35,http://34.67.235.140/api/tasks,13755,0,30
1698434404688,14210,HTTP Request convertir archivo,201,CREATED,Prueba 1 1-33,text,true,,295,24801512,35,35,http://34.67.235.140/api/tasks,14210,0,33
1698434404656,14753,HTTP Request convertir archivo,201,CREATED,Prueba 1 1-32,text,true,,295,24801500,35,35,http://34.67.235.140/api/tasks,14753,0,28
1698434404710,15293,HTTP Request convertir archivo,201,CREATED,Prueba 1 1-34,text,true,,295,24801528,35,35,http://34.67.235.140/api/tasks,15293,0,32
1698434403985,16538,HTTP Request convertir archivo,201,CREATED,Prueba 1 1-9,text,true,,295,24801520,35,35,http://34.67.235.140/api/tasks,16538,0,30
1698434404606,16444,HTTP Request convertir archivo,201,CREATED,Prueba 1 1-30,text,true,,295,24801496,35,35,http://34.67.235.140/api/tasks,16444,0,33
1698434404739,16819,HTTP Request convertir archivo,201,CREATED,Prueba 1 1-35,text,true,,295,24801496,35,35,http://34.67.235.140/api/tasks,16819,0,32
1698434403963,18118,HTTP Request convertir archivo,201,CREATED,Prueba 1 1-8,text,true,,295,24801524,35,35,http://34.67.235.140/api/tasks,18118,0,29
1698434404562,18038,HTTP Request convertir archivo,201,CREATED,Prueba 1 1-28,text,true,,295,24801520,35,35,http://34.67.235.140/api/tasks,18038,0,30
1698434404282,18860,HTTP Request convertir archivo,201,CREATED,Prueba 1 1-19,text,true,,295,24801504,35,35,http://34.67.235.140/api/tasks,18859,0,32
1698434404222,19475,HTTP Request convertir archivo,201,CREATED,Prueba 1 1-17,text,true,,295,24801508,35,35,http://34.67.235.140/api/tasks,19475,0,33
1698434409163,15044,HTTP Request convertir archivo,201,CREATED,Prueba 1 1-3,text,true,,295,24801500,35,35,http://34.67.235.140/api/tasks,15044,0,0
1698434404312,20414,HTTP Request convertir archivo,201,CREATED,Prueba 1 1-20,text,true,,295,24801504,35,35,http://34.67.235.140/api/tasks,20414,0,33
1698434409840,15427,HTTP Request convertir archivo,201,CREATED,Prueba 1 1-5,text,true,,295,24801520,35,35,http://34.67.235.140/api/tasks,15427,0,0
1698434404343,21482,HTTP Request convertir archivo,201,CREATED,Prueba 1 1-21,text,true,,295,24801492,35,35,http://34.67.235.140/api/tasks,21482,0,34
1698434410528,15821,HTTP Request convertir archivo,201,CREATED,Prueba 1 1-4,text,true,,295,24801512,35,35,http://34.67.235.140/api/tasks,15821,0,0
1698434403885,22980,HTTP Request convertir archivo,201,CREATED,Prueba 1 1-1,text,true,,295,24801524,35,35,http://34.67.235.140/api/tasks,22980,0,65
1698434404026,23371,HTTP Request convertir archivo,201,CREATED,Prueba 1 1-10,text,true,,295,24801496,35,35,http://34.67.235.140/api/tasks,23371,0,30
1698434411177,16734,HTTP Request convertir archivo,201,CREATED,Prueba 1 1-2,text,true,,295,24801524,35,35,http://34.67.235.140/api/tasks,16734,0,0
1698434411822,16631,HTTP Request convertir archivo,201,CREATED,Prueba 1 1-14,text,true,,295,24801512,35,35,http://34.67.235.140/api/tasks,16631,0,0
1698434404082,24912,HTTP Request convertir archivo,201,CREATED,Prueba 1 1-12,text,true,,295,24801520,35,35,http://34.67.235.140/api/tasks,24912,0,32
1698434404051,25509,HTTP Request convertir archivo,201,CREATED,Prueba 1 1-11,text,true,,295,24801512,35,35,http://34.67.235.140/api/tasks,25508,0,28
1698434404366,25746,HTTP Request convertir archivo,201,CREATED,Prueba 1 1-22,text,true,,295,24801500,35,35,http://34.67.235.140/api/tasks,25746,0,30
1698434404110,26541,HTTP Request convertir archivo,201,CREATED,Prueba 1 1-13,text,true,,295,24801520,35,35,http://34.67.235.140/api/tasks,26541,0,28
1698434413108,18061,HTTP Request convertir archivo,201,CREATED,Prueba 1 1-15,text,true,,295,24801504,35,35,http://34.67.235.140/api/tasks,18061,0,0
1698434412425,19265,HTTP Request convertir archivo,201,CREATED,Prueba 1 1-6,text,true,,295,24801520,35,35,http://34.67.235.140/api/tasks,19265,0,0
1698434414195,18009,HTTP Request convertir archivo,201,CREATED,Prueba 1 1-16,text,true,,295,24801512,35,35,http://34.67.235.140/api/tasks,18009,0,0
1698434414721,18023,HTTP Request convertir archivo,201,CREATED,Prueba 1 1-23,text,true,,295,24801496,35,35,http://34.67.235.140/api/tasks,18023,0,0
1698434413683,19566,HTTP Request convertir archivo,201,CREATED,Prueba 1 1-7,text,true,,295,24801520,35,35,http://34.67.235.140/api/tasks,19566,0,0
1698434415769,17999,HTTP Request convertir archivo,201,CREATED,Prueba 1 1-26,text,true,,295,24801492,35,35,http://34.67.235.140/api/tasks,17999,0,0
1698434415247,19006,HTTP Request convertir archivo,201,CREATED,Prueba 1 1-18,text,true,,295,24801508,35,35,http://34.67.235.140/api/tasks,19006,0,0
1698434416298,18462,HTTP Request convertir archivo,201,CREATED,Prueba 1 1-25,text,true,,295,24801512,35,35,http://34.67.235.140/api/tasks,18462,0,0
1698434416812,18450,HTTP Request convertir archivo,201,CREATED,Prueba 1 1-24,text,true,,295,24801512,35,35,http://34.67.235.140/api/tasks,18450,0,0
1698434417373,18396,HTTP Request convertir archivo,201,CREATED,Prueba 1 1-27,text,true,,295,24801504,35,35,http://34.67.235.140/api/tasks,18396,0,0
1698434417893,18392,HTTP Request convertir archivo,201,CREATED,Prueba 1 1-29,text,true,,295,24801496,35,35,http://34.67.235.140/api/tasks,18392,0,0
1698434418388,18399,HTTP Request convertir archivo,201,CREATED,Prueba 1 1-31,text,true,,295,24801524,35,35,http://34.67.235.140/api/tasks,18398,0,0
1698434418899,18405,HTTP Request convertir archivo,201,CREATED,Prueba 1 1-33,text,true,,295,24801512,35,35,http://34.67.235.140/api/tasks,18404,0,0
1698434419410,18384,HTTP Request convertir archivo,201,CREATED,Prueba 1 1-32,text,true,,295,24801500,35,35,http://34.67.235.140/api/tasks,18384,0,0
1698434420004,18293,HTTP Request convertir archivo,201,CREATED,Prueba 1 1-34,text,true,,295,24801520,35,35,http://34.67.235.140/api/tasks,18293,0,0
1698434421559,17246,HTTP Request convertir archivo,201,CREATED,Prueba 1 1-35,text,true,,295,24801488,35,35,http://34.67.235.140/api/tasks,17246,0,0
1698434421051,18297,HTTP Request convertir archivo,201,CREATED,Prueba 1 1-30,text,true,,295,24801512,35,35,http://34.67.235.140/api/tasks,18297,0,0
1698434420523,19347,HTTP Request convertir archivo,201,CREATED,Prueba 1 1-9,text,true,,295,24801516,35,35,http://34.67.235.140/api/tasks,19347,0,0
1698434422601,17770,HTTP Request convertir archivo,201,CREATED,Prueba 1 1-28,text,true,,295,24801524,35,35,http://34.67.235.140/api/tasks,17770,0,0
1698434422082,18811,HTTP Request convertir archivo,201,CREATED,Prueba 1 1-8,text,true,,295,24801496,35,35,http://34.67.235.140/api/tasks,18811,0,0
1698434424207,17206,HTTP Request convertir archivo,201,CREATED,Prueba 1 1-3,text,true,,295,24801500,35,35,http://34.67.235.140/api/tasks,17206,0,0
1698434423142,18827,HTTP Request convertir archivo,201,CREATED,Prueba 1 1-19,text,true,,295,24801500,35,35,http://34.67.235.140/api/tasks,18827,0,0
1698434425267,17227,HTTP Request convertir archivo,201,CREATED,Prueba 1 1-5,text,true,,295,24801488,35,35,http://34.67.235.140/api/tasks,17227,0,0
1698434423698,19318,HTTP Request convertir archivo,201,CREATED,Prueba 1 1-17,text,true,,295,24801496,35,35,http://34.67.235.140/api/tasks,19318,0,0
1698434424727,18801,HTTP Request convertir archivo,201,CREATED,Prueba 1 1-20,text,true,,295,24801524,35,35,http://34.67.235.140/api/tasks,18801,0,0
1698434426349,17700,HTTP Request convertir archivo,201,CREATED,Prueba 1 1-4,text,true,,295,24801500,35,35,http://34.67.235.140/api/tasks,17700,0,0
1698434426866,17699,HTTP Request convertir archivo,201,CREATED,Prueba 1 1-1,text,true,,295,24801488,35,35,http://34.67.235.140/api/tasks,17699,0,0
1698434427912,17171,HTTP Request convertir archivo,201,CREATED,Prueba 1 1-2,text,true,,295,24801512,35,35,http://34.67.235.140/api/tasks,17171,0,0
1698434428454,17160,HTTP Request convertir archivo,201,CREATED,Prueba 1 1-14,text,true,,295,24801504,35,35,http://34.67.235.140/api/tasks,17160,0,0
1698434425826,20303,HTTP Request convertir archivo,201,CREATED,Prueba 1 1-21,text,true,,295,24801516,35,35,http://34.67.235.140/api/tasks,20303,0,0
1698434427398,19212,HTTP Request convertir archivo,201,CREATED,Prueba 1 1-10,text,true,,295,24801520,35,35,http://34.67.235.140/api/tasks,19212,0,0
1698434428995,18107,HTTP Request convertir archivo,201,CREATED,Prueba 1 1-12,text,true,,295,24801504,35,35,http://34.67.235.140/api/tasks,18107,0,0
1698434429560,18006,HTTP Request convertir archivo,201,CREATED,Prueba 1 1-11,text,true,,295,24801488,35,35,http://34.67.235.140/api/tasks,18006,0,0
1698434431170,16848,HTTP Request convertir archivo,201,CREATED,Prueba 1 1-15,text,true,,295,24801504,35,35,http://34.67.235.140/api/tasks,16848,0,0
1698434430115,18374,HTTP Request convertir archivo,201,CREATED,Prueba 1 1-22,text,true,,295,24801516,35,35,http://34.67.235.140/api/tasks,18374,0,0
1698434430651,18343,HTTP Request convertir archivo,201,CREATED,Prueba 1 1-13,text,true,,295,24801516,35,35,http://34.67.235.140/api/tasks,18343,0,0
1698434432203,17347,HTTP Request convertir archivo,201,CREATED,Prueba 1 1-16,text,true,,295,24801524,35,35,http://34.67.235.140/api/tasks,17347,0,0
1698434431690,18407,HTTP Request convertir archivo,201,CREATED,Prueba 1 1-6,text,true,,295,24801516,35,35,http://34.67.235.140/api/tasks,18407,0,0
1698434432744,17825,HTTP Request convertir archivo,201,CREATED,Prueba 1 1-23,text,true,,295,24801496,35,35,http://34.67.235.140/api/tasks,17825,0,0
1698434433767,17270,HTTP Request convertir archivo,201,CREATED,Prueba 1 1-26,text,true,,295,24801500,35,35,http://34.67.235.140/api/tasks,17270,0,0
1698434433250,18244,HTTP Request convertir archivo,201,CREATED,Prueba 1 1-7,text,true,,295,24801516,35,35,http://34.67.235.140/api/tasks,18244,0,0
1698434434760,17198,HTTP Request convertir archivo,201,CREATED,Prueba 1 1-25,text,true,,295,24801492,35,35,http://34.67.235.140/api/tasks,17198,0,0
1698434434253,18172,HTTP Request convertir archivo,201,CREATED,Prueba 1 1-18,text,true,,295,24801496,35,35,http://34.67.235.140/api/tasks,18172,0,0
1698434435261,17607,HTTP Request convertir archivo,201,CREATED,Prueba 1 1-24,text,true,,295,24801488,35,35,http://34.67.235.140/api/tasks,17607,0,0
1698434435769,17545,HTTP Request convertir archivo,201,CREATED,Prueba 1 1-27,text,true,,295,24801524,35,35,http://34.67.235.140/api/tasks,17545,0,0
1698434436284,17491,HTTP Request convertir archivo,201,CREATED,Prueba 1 1-29,text,true,,295,24801508,35,35,http://34.67.235.140/api/tasks,17491,0,0
1698434436786,17443,HTTP Request convertir archivo,201,CREATED,Prueba 1 1-31,text,true,,295,24801492,35,35,http://34.67.235.140/api/tasks,17443,0,0
1698434437304,17374,HTTP Request convertir archivo,201,CREATED,Prueba 1 1-33,text,true,,295,24801516,35,35,http://34.67.235.140/api/tasks,17374,0,0
1698434437795,17392,HTTP Request convertir archivo,201,CREATED,Prueba 1 1-32,text,true,,295,24801496,35,35,http://34.67.235.140/api/tasks,17392,0,0
1698434438298,17383,HTTP Request convertir archivo,201,CREATED,Prueba 1 1-34,text,true,,295,24801496,35,35,http://34.67.235.140/api/tasks,17382,0,0
1698434438805,17368,HTTP Request convertir archivo,201,CREATED,Prueba 1 1-35,text,true,,295,24801512,35,35,http://34.67.235.140/api/tasks,17367,0,0
1698434439349,17319,HTTP Request convertir archivo,201,CREATED,Prueba 1 1-30,text,true,,295,24801508,35,35,http://34.67.235.140/api/tasks,17319,0,0
1698434440371,16799,HTTP Request convertir archivo,201,CREATED,Prueba 1 1-28,text,true,,295,24801500,35,35,http://34.67.235.140/api/tasks,16799,0,0
1698434439870,17804,HTTP Request convertir archivo,201,CREATED,Prueba 1 1-9,text,true,,295,24801524,35,35,http://34.67.235.140/api/tasks,17804,0,0
1698434441414,16745,HTTP Request convertir archivo,201,CREATED,Prueba 1 1-3,text,true,,295,24801524,35,35,http://34.67.235.140/api/tasks,16745,0,0
1698434440893,17766,HTTP Request convertir archivo,201,CREATED,Prueba 1 1-8,text,true,,295,24801500,35,35,http://34.67.235.140/api/tasks,17765,0,0
1698434442495,16633,HTTP Request convertir archivo,201,CREATED,Prueba 1 1-5,text,true,,295,24801516,35,35,http://34.67.235.140/api/tasks,16633,0,0
1698434441969,17648,HTTP Request convertir archivo,201,CREATED,Prueba 1 1-19,text,true,,295,24801500,35,35,http://34.67.235.140/api/tasks,17648,0,0
1698434443016,17065,HTTP Request convertir archivo,201,CREATED,Prueba 1 1-17,text,true,,295,24801524,35,35,http://34.67.235.140/api/tasks,17065,0,0
1698434443528,17057,HTTP Request convertir archivo,201,CREATED,Prueba 1 1-20,text,true,,295,24801504,35,35,http://34.67.235.140/api/tasks,17057,0,0
1698434444051,16990,HTTP Request convertir archivo,201,CREATED,Prueba 1 1-4,text,true,,295,24801496,35,35,http://34.67.235.140/api/tasks,16990,0,0
1698434444566,17024,HTTP Request convertir archivo,201,CREATED,Prueba 1 1-1,text,true,,295,24801524,35,35,http://34.67.235.140/api/tasks,17024,0,0
1698434445085,17037,HTTP Request convertir archivo,201,CREATED,Prueba 1 1-2,text,true,,295,24801520,35,35,http://34.67.235.140/api/tasks,17037,0,0
1698434445615,17025,HTTP Request convertir archivo,201,CREATED,Prueba 1 1-14,text,true,,295,24801504,35,35,http://34.67.235.140/api/tasks,17025,0,0
1698434446611,16546,HTTP Request convertir archivo,201,CREATED,Prueba 1 1-10,text,true,,295,24801488,35,35,http://34.67.235.140/api/tasks,16546,0,0
1698434447103,16553,HTTP Request convertir archivo,201,CREATED,Prueba 1 1-12,text,true,,295,24801488,35,35,http://34.67.235.140/api/tasks,16553,0,0
1698434446130,18046,HTTP Request convertir archivo,201,CREATED,Prueba 1 1-21,text,true,,295,24801504,35,35,http://34.67.235.140/api/tasks,18046,0,0
1698434447567,17111,HTTP Request convertir archivo,201,CREATED,Prueba 1 1-11,text,true,,295,24801516,35,35,http://34.67.235.140/api/tasks,17111,0,0
1698434448020,17151,HTTP Request convertir archivo,201,CREATED,Prueba 1 1-15,text,true,,295,24801528,35,35,http://34.67.235.140/api/tasks,17151,0,0
1698434448490,17193,HTTP Request convertir archivo,201,CREATED,Prueba 1 1-22,text,true,,295,24801512,35,35,http://34.67.235.140/api/tasks,17193,0,0
1698434448994,17164,HTTP Request convertir archivo,201,CREATED,Prueba 1 1-13,text,true,,295,24801528,35,35,http://34.67.235.140/api/tasks,17164,0,0
1698434449551,17080,HTTP Request convertir archivo,201,CREATED,Prueba 1 1-16,text,true,,295,24801524,35,35,http://34.67.235.140/api/tasks,17080,0,0
1698434450570,16516,HTTP Request convertir archivo,201,CREATED,Prueba 1 1-23,text,true,,295,24801524,35,35,http://34.67.235.140/api/tasks,16516,0,0
1698434450097,17466,HTTP Request convertir archivo,201,CREATED,Prueba 1 1-6,text,true,,295,24801520,35,35,http://34.67.235.140/api/tasks,17466,0,0
1698434451038,16957,HTTP Request convertir archivo,201,CREATED,Prueba 1 1-26,text,true,,295,24801508,35,35,http://34.67.235.140/api/tasks,16957,0,0
1698434451958,16558,HTTP Request convertir archivo,201,CREATED,Prueba 1 1-25,text,true,,295,24801488,35,35,http://34.67.235.140/api/tasks,16558,0,0
1698434451494,17503,HTTP Request convertir archivo,201,CREATED,Prueba 1 1-7,text,true,,295,24801520,35,35,http://34.67.235.140/api/tasks,17503,0,0
1698434452426,16983,HTTP Request convertir archivo,201,CREATED,Prueba 1 1-18,text,true,,295,24801508,35,35,http://34.67.235.140/api/tasks,16983,0,0
1698434452868,16973,HTTP Request convertir archivo,201,CREATED,Prueba 1 1-24,text,true,,295,24801512,35,35,http://34.67.235.140/api/tasks,16973,0,0
1698434453314,17015,HTTP Request convertir archivo,201,CREATED,Prueba 1 1-27,text,true,,295,24801500,35,35,http://34.67.235.140/api/tasks,17015,0,0
1698434453775,17072,HTTP Request convertir archivo,201,CREATED,Prueba 1 1-29,text,true,,295,24801508,35,35,http://34.67.235.140/api/tasks,17072,0,0
1698434454230,17092,HTTP Request convertir archivo,201,CREATED,Prueba 1 1-31,text,true,,295,24801492,35,35,http://34.67.235.140/api/tasks,17092,0,0
1698434454678,17181,HTTP Request convertir archivo,201,CREATED,Prueba 1 1-33,text,true,,295,24801492,35,35,http://34.67.235.140/api/tasks,17181,0,0
1698434455188,17161,HTTP Request convertir archivo,201,CREATED,Prueba 1 1-32,text,true,,295,24801512,35,35,http://34.67.235.140/api/tasks,17161,0,0
1698434455681,17170,HTTP Request convertir archivo,201,CREATED,Prueba 1 1-34,text,true,,295,24801488,35,35,http://34.67.235.140/api/tasks,17170,0,0
1698434456173,17168,HTTP Request convertir archivo,201,CREATED,Prueba 1 1-35,text,true,,295,24801500,35,35,http://34.67.235.140/api/tasks,17168,0,0
1698434456668,17189,HTTP Request convertir archivo,201,CREATED,Prueba 1 1-30,text,true,,295,24801512,35,35,http://34.67.235.140/api/tasks,17189,0,0
1698434457171,17197,HTTP Request convertir archivo,201,CREATED,Prueba 1 1-28,text,true,,295,24801516,35,35,http://34.67.235.140/api/tasks,17197,0,0
1698434457674,17202,HTTP Request convertir archivo,201,CREATED,Prueba 1 1-9,text,true,,295,24801516,35,35,http://34.67.235.140/api/tasks,17202,0,0
1698434458160,17219,HTTP Request convertir archivo,201,CREATED,Prueba 1 1-3,text,true,,295,24801520,35,35,http://34.67.235.140/api/tasks,17219,0,0
1698434459129,16780,HTTP Request convertir archivo,201,CREATED,Prueba 1 1-5,text,true,,295,24801520,35,35,http://34.67.235.140/api/tasks,16780,0,0
1698434458659,17730,HTTP Request convertir archivo,201,CREATED,Prueba 1 1-8,text,true,,295,24801488,35,35,http://34.67.235.140/api/tasks,17730,0,0
1698434459617,17287,HTTP Request convertir archivo,201,CREATED,Prueba 1 1-19,text,true,,295,24801516,35,35,http://34.67.235.140/api/tasks,17287,0,0
1698434460586,16789,HTTP Request convertir archivo,201,CREATED,Prueba 1 1-20,text,true,,295,24801488,35,35,http://34.67.235.140/api/tasks,16788,0,0
1698434460083,17793,HTTP Request convertir archivo,201,CREATED,Prueba 1 1-17,text,true,,295,24801524,35,35,http://34.67.235.140/api/tasks,17793,0,0
1698434461041,17315,HTTP Request convertir archivo,201,CREATED,Prueba 1 1-4,text,true,,295,24801512,35,35,http://34.67.235.140/api/tasks,17315,0,0
1698434461589,17268,HTTP Request convertir archivo,201,CREATED,Prueba 1 1-1,text,true,,295,24801500,35,35,http://34.67.235.140/api/tasks,17268,0,0
1698434462122,17214,HTTP Request convertir archivo,201,CREATED,Prueba 1 1-2,text,true,,295,24801508,35,35,http://34.67.235.140/api/tasks,17214,0,0
1698434462639,17221,HTTP Request convertir archivo,201,CREATED,Prueba 1 1-14,text,true,,295,24801508,35,35,http://34.67.235.140/api/tasks,17221,0,0
1698434463157,17196,HTTP Request convertir archivo,201,CREATED,Prueba 1 1-10,text,true,,295,24801504,35,35,http://34.67.235.140/api/tasks,17196,0,0
1698434463656,17199,HTTP Request convertir archivo,201,CREATED,Prueba 1 1-12,text,true,,295,24801496,35,35,http://34.67.235.140/api/tasks,17199,0,0
1698434464677,16654,HTTP Request convertir archivo,201,CREATED,Prueba 1 1-11,text,true,,295,24801516,35,35,http://34.67.235.140/api/tasks,16654,0,30
1698434465171,16634,HTTP Request convertir archivo,201,CREATED,Prueba 1 1-15,text,true,,295,24801524,35,35,http://34.67.235.140/api/tasks,16634,0,28
1698434465682,16595,HTTP Request convertir archivo,201,CREATED,Prueba 1 1-22,text,true,,295,24801508,35,35,http://34.67.235.140/api/tasks,16595,0,28
1698434464176,18569,HTTP Request convertir archivo,201,CREATED,Prueba 1 1-21,text,true,,295,24801488,35,35,http://34.67.235.140/api/tasks,18569,0,0
1698434466158,17058,HTTP Request convertir archivo,201,CREATED,Prueba 1 1-13,text,true,,295,24801500,35,35,http://34.67.235.140/api/tasks,17058,0,30
1698434466631,17049,HTTP Request convertir archivo,201,CREATED,Prueba 1 1-16,text,true,,295,24801508,35,35,http://34.67.235.140/api/tasks,17049,0,30
1698434467086,17028,HTTP Request convertir archivo,201,CREATED,Prueba 1 1-23,text,true,,295,24801512,35,35,http://34.67.235.140/api/tasks,17028,0,28
1698434467564,17015,HTTP Request convertir archivo,201,CREATED,Prueba 1 1-6,text,true,,295,24801516,35,35,http://34.67.235.140/api/tasks,17015,0,29
1698434467995,17079,HTTP Request convertir archivo,201,CREATED,Prueba 1 1-26,text,true,,295,24801488,35,35,http://34.67.235.140/api/tasks,17079,0,27
1698434468517,17047,HTTP Request convertir archivo,201,CREATED,Prueba 1 1-25,text,true,,295,24801512,35,35,http://34.67.235.140/api/tasks,17047,0,29
1698434468998,17047,HTTP Request convertir archivo,201,CREATED,Prueba 1 1-7,text,true,,295,24801520,35,35,http://34.67.235.140/api/tasks,17047,0,26
1698434469409,17104,HTTP Request convertir archivo,201,CREATED,Prueba 1 1-18,text,true,,295,24801500,35,35,http://34.67.235.140/api/tasks,17104,0,30
1698434469842,17204,HTTP Request convertir archivo,201,CREATED,Prueba 1 1-24,text,true,,295,24801516,35,35,http://34.67.235.140/api/tasks,17204,0,26
1698434470329,17182,HTTP Request convertir archivo,201,CREATED,Prueba 1 1-27,text,true,,295,24801492,35,35,http://34.67.235.140/api/tasks,17182,0,29
1698434470848,17174,HTTP Request convertir archivo,201,CREATED,Prueba 1 1-29,text,true,,295,24801512,35,35,http://34.67.235.140/api/tasks,17174,0,27
1698434471323,17167,HTTP Request convertir archivo,201,CREATED,Prueba 1 1-31,text,true,,295,24801496,35,35,http://34.67.235.140/api/tasks,17167,0,29
1698434471859,17118,HTTP Request convertir archivo,201,CREATED,Prueba 1 1-33,text,true,,295,24801504,35,35,http://34.67.235.140/api/tasks,17118,0,29
1698434472350,17150,HTTP Request convertir archivo,201,CREATED,Prueba 1 1-32,text,true,,295,24801492,35,35,http://34.67.235.140/api/tasks,17150,0,29
1698434472852,17141,HTTP Request convertir archivo,201,CREATED,Prueba 1 1-34,text,true,,295,24801524,35,35,http://34.67.235.140/api/tasks,17141,0,26
1698434473342,17143,HTTP Request convertir archivo,201,CREATED,Prueba 1 1-35,text,true,,295,24801492,35,35,http://34.67.235.140/api/tasks,17143,0,29
1698434473858,17117,HTTP Request convertir archivo,201,CREATED,Prueba 1 1-30,text,true,,295,24801504,35,35,http://34.67.235.140/api/tasks,17117,0,28
1698434474370,17094,HTTP Request convertir archivo,201,CREATED,Prueba 1 1-28,text,true,,295,24801508,35,35,http://34.67.235.140/api/tasks,17093,0,29
1698434474878,17059,HTTP Request convertir archivo,201,CREATED,Prueba 1 1-9,text,true,,295,24801496,35,35,http://34.67.235.140/api/tasks,17059,0,27
1698434475380,17045,HTTP Request convertir archivo,201,CREATED,Prueba 1 1-3,text,true,,295,24801516,35,35,http://34.67.235.140/api/tasks,17045,0,27
1698434475910,17003,HTTP Request convertir archivo,201,CREATED,Prueba 1 1-5,text,true,,295,24801512,35,35,http://34.67.235.140/api/tasks,17003,0,30
1698434476390,17024,HTTP Request convertir archivo,201,CREATED,Prueba 1 1-8,text,true,,295,24801528,35,35,http://34.67.235.140/api/tasks,17024,0,31
1698434476906,16985,HTTP Request convertir archivo,201,CREATED,Prueba 1 1-19,text,true,,295,24801504,35,35,http://34.67.235.140/api/tasks,16985,0,26
1698434477376,17021,HTTP Request convertir archivo,201,CREATED,Prueba 1 1-20,text,true,,295,24801496,35,35,http://34.67.235.140/api/tasks,17021,0,29
1698434477877,17023,HTTP Request convertir archivo,201,CREATED,Prueba 1 1-17,text,true,,295,24801496,35,35,http://34.67.235.140/api/tasks,17023,0,30
1698434478357,17025,HTTP Request convertir archivo,201,CREATED,Prueba 1 1-4,text,true,,295,24801508,35,35,http://34.67.235.140/api/tasks,17025,0,27
1698434478857,17012,HTTP Request convertir archivo,201,CREATED,Prueba 1 1-1,text,true,,295,24801488,35,35,http://34.67.235.140/api/tasks,17012,0,29
1698434479337,17082,HTTP Request convertir archivo,201,CREATED,Prueba 1 1-2,text,true,,295,24801508,35,35,http://34.67.235.140/api/tasks,17082,0,29
1698434479861,17061,HTTP Request convertir archivo,201,CREATED,Prueba 1 1-14,text,true,,295,24801508,35,35,http://34.67.235.140/api/tasks,17061,0,30
1698434480354,17066,HTTP Request convertir archivo,201,CREATED,Prueba 1 1-10,text,true,,295,24801512,35,35,http://34.67.235.140/api/tasks,17066,0,29
1698434480856,17058,HTTP Request convertir archivo,201,CREATED,Prueba 1 1-12,text,true,,295,24801492,35,35,http://34.67.235.140/api/tasks,17058,0,27
1698434481332,17046,HTTP Request convertir archivo,201,CREATED,Prueba 1 1-11,text,true,,295,24801488,35,35,http://34.67.235.140/api/tasks,17046,0,0
1698434481806,17024,HTTP Request convertir archivo,201,CREATED,Prueba 1 1-15,text,true,,295,24801512,35,35,http://34.67.235.140/api/tasks,17024,0,0
1698434482278,17024,HTTP Request convertir archivo,201,CREATED,Prueba 1 1-22,text,true,,295,24801500,35,35,http://34.67.235.140/api/tasks,17024,0,0
1698434482745,17010,HTTP Request convertir archivo,201,CREATED,Prueba 1 1-21,text,true,,295,24801520,35,35,http://34.67.235.140/api/tasks,17010,0,29
1698434483217,16984,HTTP Request convertir archivo,201,CREATED,Prueba 1 1-13,text,true,,295,24801488,35,35,http://34.67.235.140/api/tasks,16984,0,0
1698434483680,16991,HTTP Request convertir archivo,201,CREATED,Prueba 1 1-16,text,true,,295,24801496,35,35,http://34.67.235.140/api/tasks,16991,0,0
1698434484115,16990,HTTP Request convertir archivo,201,CREATED,Prueba 1 1-23,text,true,,295,24801492,35,35,http://34.67.235.140/api/tasks,16990,0,0
1698434484579,16979,HTTP Request convertir archivo,201,CREATED,Prueba 1 1-6,text,true,,295,24801512,35,35,http://34.67.235.140/api/tasks,16979,0,0
1698434485074,16958,HTTP Request convertir archivo,201,CREATED,Prueba 1 1-26,text,true,,295,24801488,35,35,http://34.67.235.140/api/tasks,16958,0,0
1698434485565,16993,HTTP Request convertir archivo,201,CREATED,Prueba 1 1-25,text,true,,295,24801512,35,35,http://34.67.235.140/api/tasks,16993,0,0
1698434486045,16968,HTTP Request convertir archivo,201,CREATED,Prueba 1 1-7,text,true,,295,24801492,35,35,http://34.67.235.140/api/tasks,16968,0,0
1698434486513,16966,HTTP Request convertir archivo,201,CREATED,Prueba 1 1-18,text,true,,295,24801488,35,35,http://34.67.235.140/api/tasks,16966,0,0
1698434487047,16865,HTTP Request convertir archivo,201,CREATED,Prueba 1 1-24,text,true,,295,24801528,35,35,http://34.67.235.140/api/tasks,16865,0,0
1698434487511,16852,HTTP Request convertir archivo,201,CREATED,Prueba 1 1-27,text,true,,295,24801500,35,35,http://34.67.235.140/api/tasks,16852,0,0
1698434488023,16793,HTTP Request convertir archivo,201,CREATED,Prueba 1 1-29,text,true,,295,24801508,35,35,http://34.67.235.140/api/tasks,16793,0,0
1698434488491,16776,HTTP Request convertir archivo,201,CREATED,Prueba 1 1-31,text,true,,295,24801508,35,35,http://34.67.235.140/api/tasks,16776,0,0
1698434488978,16756,HTTP Request convertir archivo,201,CREATED,Prueba 1 1-33,text,true,,295,24801528,35,35,http://34.67.235.140/api/tasks,16756,0,0
1698434489500,16667,HTTP Request convertir archivo,201,CREATED,Prueba 1 1-32,text,true,,295,24801500,35,35,http://34.67.235.140/api/tasks,16667,0,0
1698434489994,16619,HTTP Request convertir archivo,201,CREATED,Prueba 1 1-34,text,true,,295,24801496,35,35,http://34.67.235.140/api/tasks,16619,0,0
1698434490486,16576,HTTP Request convertir archivo,201,CREATED,Prueba 1 1-35,text,true,,295,24801528,35,35,http://34.67.235.140/api/tasks,16576,0,0
1698434490975,16513,HTTP Request convertir archivo,201,CREATED,Prueba 1 1-30,text,true,,295,24801496,35,35,http://34.67.235.140/api/tasks,16513,0,0
1698434491463,16456,HTTP Request convertir archivo,201,CREATED,Prueba 1 1-28,text,true,,295,24801508,35,35,http://34.67.235.140/api/tasks,16456,0,0
1698434491936,16378,HTTP Request convertir archivo,201,CREATED,Prueba 1 1-9,text,true,,295,24801500,35,35,http://34.67.235.140/api/tasks,16378,0,0
1698434492425,16296,HTTP Request convertir archivo,201,CREATED,Prueba 1 1-3,text,true,,295,24801496,35,35,http://34.67.235.140/api/tasks,16296,0,0
1698434492912,16231,HTTP Request convertir archivo,201,CREATED,Prueba 1 1-5,text,true,,295,24801504,35,35,http://34.67.235.140/api/tasks,16231,0,0
1698434493414,16129,HTTP Request convertir archivo,201,CREATED,Prueba 1 1-8,text,true,,295,24801504,35,35,http://34.67.235.140/api/tasks,16129,0,0
1698434493891,16102,HTTP Request convertir archivo,201,CREATED,Prueba 1 1-19,text,true,,295,24801488,35,35,http://34.67.235.140/api/tasks,16102,0,0
1698434494397,16020,HTTP Request convertir archivo,201,CREATED,Prueba 1 1-20,text,true,,295,24801524,35,35,http://34.67.235.140/api/tasks,16020,0,0
1698434494900,15947,HTTP Request convertir archivo,201,CREATED,Prueba 1 1-17,text,true,,295,24801508,35,35,http://34.67.235.140/api/tasks,15947,0,0
1698434495382,15907,HTTP Request convertir archivo,201,CREATED,Prueba 1 1-4,text,true,,295,24801496,35,35,http://34.67.235.140/api/tasks,15907,0,0
1698434495869,15838,HTTP Request convertir archivo,201,CREATED,Prueba 1 1-1,text,true,,295,24801488,35,35,http://34.67.235.140/api/tasks,15838,0,0
1698434496419,15712,HTTP Request convertir archivo,201,CREATED,Prueba 1 1-2,text,true,,295,24801516,35,35,http://34.67.235.140/api/tasks,15712,0,0
1698434496922,15632,HTTP Request convertir archivo,201,CREATED,Prueba 1 1-14,text,true,,295,24801524,35,35,http://34.67.235.140/api/tasks,15632,0,0
1698434497420,15651,HTTP Request convertir archivo,201,CREATED,Prueba 1 1-10,text,true,,295,24801524,35,35,http://34.67.235.140/api/tasks,15651,0,0
1698434497914,15612,HTTP Request convertir archivo,201,CREATED,Prueba 1 1-12,text,true,,295,24801488,35,35,http://34.67.235.140/api/tasks,15612,0,0
1698434498378,15570,HTTP Request convertir archivo,201,CREATED,Prueba 1 1-11,text,true,,295,24801500,35,35,http://34.67.235.140/api/tasks,15570,0,0
1698434498830,15652,HTTP Request convertir archivo,201,CREATED,Prueba 1 1-15,text,true,,295,24801504,35,35,http://34.67.235.140/api/tasks,15652,0,0
1698434499302,15688,HTTP Request convertir archivo,201,CREATED,Prueba 1 1-22,text,true,,295,24801500,35,35,http://34.67.235.140/api/tasks,15688,0,0
1698434499756,15651,HTTP Request convertir archivo,201,CREATED,Prueba 1 1-21,text,true,,295,24801504,35,35,http://34.67.235.140/api/tasks,15651,0,0
1698434500201,15635,HTTP Request convertir archivo,201,CREATED,Prueba 1 1-13,text,true,,295,24801500,35,35,http://34.67.235.140/api/tasks,15635,0,0
1698434500672,15615,HTTP Request convertir archivo,201,CREATED,Prueba 1 1-16,text,true,,295,24801524,35,35,http://34.67.235.140/api/tasks,15615,0,0
1698434501106,15673,HTTP Request convertir archivo,201,CREATED,Prueba 1 1-23,text,true,,295,24801496,35,35,http://34.67.235.140/api/tasks,15673,0,0
1698434501559,15723,HTTP Request convertir archivo,201,CREATED,Prueba 1 1-6,text,true,,295,24801524,35,35,http://34.67.235.140/api/tasks,15723,0,0
1698434502032,15760,HTTP Request convertir archivo,201,CREATED,Prueba 1 1-26,text,true,,295,24801528,35,35,http://34.67.235.140/api/tasks,15760,0,0
1698434502558,15763,HTTP Request convertir archivo,201,CREATED,Prueba 1 1-25,text,true,,295,24801492,35,35,http://34.67.235.140/api/tasks,15763,0,0
1698434503013,15832,HTTP Request convertir archivo,201,CREATED,Prueba 1 1-7,text,true,,295,24801524,35,35,http://34.67.235.140/api/tasks,15832,0,0
1698434503480,15880,HTTP Request convertir archivo,201,CREATED,Prueba 1 1-18,text,true,,295,24801512,35,35,http://34.67.235.140/api/tasks,15880,0,0
1698434503912,15933,HTTP Request convertir archivo,201,CREATED,Prueba 1 1-24,text,true,,295,24801520,35,35,http://34.67.235.140/api/tasks,15933,0,0
1698434504363,16011,HTTP Request convertir archivo,201,CREATED,Prueba 1 1-27,text,true,,295,24801524,35,35,http://34.67.235.140/api/tasks,16011,0,0
1698434504816,16065,HTTP Request convertir archivo,201,CREATED,Prueba 1 1-29,text,true,,295,24801500,35,35,http://34.67.235.140/api/tasks,16065,0,0
1698434505267,16099,HTTP Request convertir archivo,201,CREATED,Prueba 1 1-31,text,true,,295,24801520,35,35,http://34.67.235.140/api/tasks,16098,0,0
1698434505734,16177,HTTP Request convertir archivo,201,CREATED,Prueba 1 1-33,text,true,,295,24801520,35,35,http://34.67.235.140/api/tasks,16177,0,0
1698434506168,16231,HTTP Request convertir archivo,201,CREATED,Prueba 1 1-32,text,true,,295,24801520,35,35,http://34.67.235.140/api/tasks,16231,0,0
1698434506613,16267,HTTP Request convertir archivo,201,CREATED,Prueba 1 1-34,text,true,,295,24801508,35,35,http://34.67.235.140/api/tasks,16267,0,0
1698434507062,16336,HTTP Request convertir archivo,201,CREATED,Prueba 1 1-35,text,true,,295,24801488,35,35,http://34.67.235.140/api/tasks,16336,0,0
1698434507488,16378,HTTP Request convertir archivo,201,CREATED,Prueba 1 1-30,text,true,,295,24801496,35,35,http://34.67.235.140/api/tasks,16378,0,0
1698434507920,16462,HTTP Request convertir archivo,201,CREATED,Prueba 1 1-28,text,true,,295,24801492,35,35,http://34.67.235.140/api/tasks,16462,0,0
1698434508315,16572,HTTP Request convertir archivo,201,CREATED,Prueba 1 1-9,text,true,,295,24801492,35,35,http://34.67.235.140/api/tasks,16572,0,0
1698434508721,16712,HTTP Request convertir archivo,201,CREATED,Prueba 1 1-3,text,true,,295,24801488,35,35,http://34.67.235.140/api/tasks,16712,0,0
1698434509145,16799,HTTP Request convertir archivo,201,CREATED,Prueba 1 1-5,text,true,,295,24801528,35,35,http://34.67.235.140/api/tasks,16799,0,0
1698434509545,16908,HTTP Request convertir archivo,201,CREATED,Prueba 1 1-8,text,true,,295,24801508,35,35,http://34.67.235.140/api/tasks,16908,0,0
1698434509994,16959,HTTP Request convertir archivo,201,CREATED,Prueba 1 1-19,text,true,,295,24801516,35,35,http://34.67.235.140/api/tasks,16959,0,0
1698434510418,17037,HTTP Request convertir archivo,201,CREATED,Prueba 1 1-20,text,true,,295,24801488,35,35,http://34.67.235.140/api/tasks,17037,0,0
1698434510849,17033,HTTP Request convertir archivo,201,CREATED,Prueba 1 1-17,text,true,,295,24801528,35,35,http://34.67.235.140/api/tasks,17033,0,0
1698434511290,17007,HTTP Request convertir archivo,201,CREATED,Prueba 1 1-4,text,true,,295,24801492,35,35,http://34.67.235.140/api/tasks,17007,0,0
1698434511709,17006,HTTP Request convertir archivo,201,CREATED,Prueba 1 1-1,text,true,,295,24801508,35,35,http://34.67.235.140/api/tasks,17006,0,0
1698434512132,17004,HTTP Request convertir archivo,201,CREATED,Prueba 1 1-2,text,true,,295,24801500,35,35,http://34.67.235.140/api/tasks,17004,0,0
1698434512555,16992,HTTP Request convertir archivo,201,CREATED,Prueba 1 1-14,text,true,,295,24801528,35,35,http://34.67.235.140/api/tasks,16992,0,0
1698434513073,16942,HTTP Request convertir archivo,201,CREATED,Prueba 1 1-10,text,true,,295,24801488,35,35,http://34.67.235.140/api/tasks,16942,0,0
1698434513527,16916,HTTP Request convertir archivo,201,CREATED,Prueba 1 1-12,text,true,,295,24801512,35,35,http://34.67.235.140/api/tasks,16916,0,0
1698434513948,16929,HTTP Request convertir archivo,201,CREATED,Prueba 1 1-11,text,true,,295,24801508,35,35,http://34.67.235.140/api/tasks,16929,0,0
1698434514483,16802,HTTP Request convertir archivo,201,CREATED,Prueba 1 1-15,text,true,,295,24801508,35,35,http://34.67.235.140/api/tasks,16802,0,0
1698434514990,16790,HTTP Request convertir archivo,201,CREATED,Prueba 1 1-22,text,true,,295,24801508,35,35,http://34.67.235.140/api/tasks,16790,0,0
1698434515407,16898,HTTP Request convertir archivo,201,CREATED,Prueba 1 1-21,text,true,,295,24801504,35,35,http://34.67.235.140/api/tasks,16898,0,0
1698434515836,16991,HTTP Request convertir archivo,201,CREATED,Prueba 1 1-13,text,true,,295,24801488,35,35,http://34.67.235.140/api/tasks,16991,0,0
1698434516288,17055,HTTP Request convertir archivo,201,CREATED,Prueba 1 1-16,text,true,,295,24801516,35,35,http://34.67.235.140/api/tasks,17055,0,0
1698434516779,17063,HTTP Request convertir archivo,201,CREATED,Prueba 1 1-23,text,true,,295,24801488,35,35,http://34.67.235.140/api/tasks,17063,0,0
1698434517282,17104,HTTP Request convertir archivo,201,CREATED,Prueba 1 1-6,text,true,,295,24801516,35,35,http://34.67.235.140/api/tasks,17104,0,0
1698434517792,17075,HTTP Request convertir archivo,201,CREATED,Prueba 1 1-26,text,true,,295,24801512,35,35,http://34.67.235.140/api/tasks,17075,0,0
1698434518321,16966,HTTP Request convertir archivo,201,CREATED,Prueba 1 1-25,text,true,,295,24801500,35,35,http://34.67.235.140/api/tasks,16966,0,0
1698434518845,16902,HTTP Request convertir archivo,201,CREATED,Prueba 1 1-7,text,true,,295,24801516,35,35,http://34.67.235.140/api/tasks,16902,0,0
1698434519360,16807,HTTP Request convertir archivo,201,CREATED,Prueba 1 1-18,text,true,,295,24801512,35,35,http://34.67.235.140/api/tasks,16807,0,0
1698434519846,16842,HTTP Request convertir archivo,201,CREATED,Prueba 1 1-24,text,true,,295,24801512,35,35,http://34.67.235.140/api/tasks,16842,0,0
1698434520376,16736,HTTP Request convertir archivo,201,CREATED,Prueba 1 1-27,text,true,,295,24801516,35,35,http://34.67.235.140/api/tasks,16736,0,0
1698434520881,16640,HTTP Request convertir archivo,201,CREATED,Prueba 1 1-29,text,true,,295,24801512,35,35,http://34.67.235.140/api/tasks,16640,0,0
1698434521366,16577,HTTP Request convertir archivo,201,CREATED,Prueba 1 1-31,text,true,,295,24801496,35,35,http://34.67.235.140/api/tasks,16577,0,0
1698434521911,16485,HTTP Request convertir archivo,201,CREATED,Prueba 1 1-33,text,true,,295,24801520,35,35,http://34.67.235.140/api/tasks,16485,0,0
1698434522400,16520,HTTP Request convertir archivo,201,CREATED,Prueba 1 1-32,text,true,,295,24801500,35,35,http://34.67.235.140/api/tasks,16519,0,0
1698434522881,16531,HTTP Request convertir archivo,201,CREATED,Prueba 1 1-34,text,true,,295,24801496,35,35,http://34.67.235.140/api/tasks,16531,0,0
1698434523398,16537,HTTP Request convertir archivo,201,CREATED,Prueba 1 1-35,text,true,,295,24801528,35,35,http://34.67.235.140/api/tasks,16537,0,0
1698434523866,16570,HTTP Request convertir archivo,201,CREATED,Prueba 1 1-30,text,true,,295,24801528,35,35,http://34.67.235.140/api/tasks,16570,0,0
1698434524382,16569,HTTP Request convertir archivo,201,CREATED,Prueba 1 1-28,text,true,,295,24801492,35,35,http://34.67.235.140/api/tasks,16569,0,0
1698434524887,16575,HTTP Request convertir archivo,201,CREATED,Prueba 1 1-9,text,true,,295,24801488,35,35,http://34.67.235.140/api/tasks,16575,0,0
1698434525434,16538,HTTP Request convertir archivo,201,CREATED,Prueba 1 1-3,text,true,,295,24801508,35,35,http://34.67.235.140/api/tasks,16538,0,0
1698434525943,16531,HTTP Request convertir archivo,201,CREATED,Prueba 1 1-5,text,true,,295,24801496,35,35,http://34.67.235.140/api/tasks,16531,0,0
1698434526453,16538,HTTP Request convertir archivo,201,CREATED,Prueba 1 1-8,text,true,,295,24801512,35,35,http://34.67.235.140/api/tasks,16538,0,0
1698434526953,16529,HTTP Request convertir archivo,201,CREATED,Prueba 1 1-19,text,true,,295,24801512,35,35,http://34.67.235.140/api/tasks,16529,0,0
1698434527455,16537,HTTP Request convertir archivo,201,CREATED,Prueba 1 1-20,text,true,,295,24801516,35,35,http://34.67.235.140/api/tasks,16537,0,0
1698434527882,16592,HTTP Request convertir archivo,201,CREATED,Prueba 1 1-17,text,true,,295,24801524,35,35,http://34.67.235.140/api/tasks,16592,0,0
1698434528297,16698,HTTP Request convertir archivo,201,CREATED,Prueba 1 1-4,text,true,,295,24801524,35,35,http://34.67.235.140/api/tasks,16698,0,0
1698434528714,16803,HTTP Request convertir archivo,201,CREATED,Prueba 1 1-1,text,true,,295,24801520,35,35,http://34.67.235.140/api/tasks,16803,0,0
1698434529135,17028,HTTP Request convertir archivo,201,CREATED,Prueba 1 1-2,text,true,,295,24801492,35,35,http://34.67.235.140/api/tasks,17028,0,0
1698434529547,17102,HTTP Request convertir archivo,201,CREATED,Prueba 1 1-14,text,true,,295,24801508,35,35,http://34.67.235.140/api/tasks,17102,0,0
1698434530014,17122,HTTP Request convertir archivo,201,CREATED,Prueba 1 1-10,text,true,,295,24801504,35,35,http://34.67.235.140/api/tasks,17122,0,0
1698434530443,17210,HTTP Request convertir archivo,201,CREATED,Prueba 1 1-12,text,true,,295,24801492,35,35,http://34.67.235.140/api/tasks,17210,0,0
1698434530877,17272,HTTP Request convertir archivo,201,CREATED,Prueba 1 1-11,text,true,,295,24801516,35,35,http://34.67.235.140/api/tasks,17272,0,32
1698434531286,17374,HTTP Request convertir archivo,201,CREATED,Prueba 1 1-15,text,true,,295,24801524,35,35,http://34.67.235.140/api/tasks,17373,0,30
1698434531780,17341,HTTP Request convertir archivo,201,CREATED,Prueba 1 1-22,text,true,,295,24801520,35,35,http://34.67.235.140/api/tasks,17341,0,30
1698434532305,17303,HTTP Request convertir archivo,201,CREATED,Prueba 1 1-21,text,true,,295,24801496,35,35,http://34.67.235.140/api/tasks,17302,0,0
1698434532828,17332,HTTP Request convertir archivo,201,CREATED,Prueba 1 1-13,text,true,,295,24801496,35,35,http://34.67.235.140/api/tasks,17332,0,27
1698434533343,17328,HTTP Request convertir archivo,201,CREATED,Prueba 1 1-16,text,true,,295,24801504,35,35,http://34.67.235.140/api/tasks,17328,0,30
1698434533843,17305,HTTP Request convertir archivo,201,CREATED,Prueba 1 1-23,text,true,,295,24801520,35,35,http://34.67.235.140/api/tasks,17305,0,26
1698434534386,17240,HTTP Request convertir archivo,201,CREATED,Prueba 1 1-6,text,true,,295,24801492,35,35,http://34.67.235.140/api/tasks,17240,0,26
1698434534867,17256,HTTP Request convertir archivo,201,CREATED,Prueba 1 1-26,text,true,,295,24801500,35,35,http://34.67.235.140/api/tasks,17255,0,27
1698434535288,17465,HTTP Request convertir archivo,201,CREATED,Prueba 1 1-25,text,true,,295,24801496,35,35,http://34.67.235.140/api/tasks,17465,0,27
1698434535748,17507,HTTP Request convertir archivo,201,CREATED,Prueba 1 1-7,text,true,,295,24801508,35,35,http://34.67.235.140/api/tasks,17507,0,29
1698434536167,17573,HTTP Request convertir archivo,201,CREATED,Prueba 1 1-18,text,true,,295,24801508,35,35,http://34.67.235.140/api/tasks,17573,0,29
1698434536689,17536,HTTP Request convertir archivo,201,CREATED,Prueba 1 1-24,text,true,,295,24801528,35,35,http://34.67.235.140/api/tasks,17536,0,26
1698434537112,17580,HTTP Request convertir archivo,201,CREATED,Prueba 1 1-27,text,true,,295,24801488,35,35,http://34.67.235.140/api/tasks,17580,0,28
1698434537521,17614,HTTP Request convertir archivo,201,CREATED,Prueba 1 1-29,text,true,,295,24801524,35,35,http://34.67.235.140/api/tasks,17614,0,27
1698434537943,17708,HTTP Request convertir archivo,201,CREATED,Prueba 1 1-31,text,true,,295,24801520,35,35,http://34.67.235.140/api/tasks,17708,0,30
1698434538396,17684,HTTP Request convertir archivo,201,CREATED,Prueba 1 1-33,text,true,,295,24801492,35,35,http://34.67.235.140/api/tasks,17684,0,27
1698434538921,17617,HTTP Request convertir archivo,201,CREATED,Prueba 1 1-32,text,true,,295,24801504,35,35,http://34.67.235.140/api/tasks,17617,0,29
1698434539413,17603,HTTP Request convertir archivo,201,CREATED,Prueba 1 1-34,text,true,,295,24801508,35,35,http://34.67.235.140/api/tasks,17603,0,28
1698434539936,17607,HTTP Request convertir archivo,201,CREATED,Prueba 1 1-35,text,true,,295,24801516,35,35,http://34.67.235.140/api/tasks,17607,0,30
1698434540438,17900,HTTP Request convertir archivo,201,CREATED,Prueba 1 1-30,text,true,,295,24801508,35,35,http://34.67.235.140/api/tasks,17900,0,30
1698434540952,18624,HTTP Request convertir archivo,201,CREATED,Prueba 1 1-28,text,true,,295,24801488,35,35,http://34.67.235.140/api/tasks,18624,0,31
1698434541463,18726,HTTP Request convertir archivo,201,CREATED,Prueba 1 1-9,text,true,,295,24801500,35,35,http://34.67.235.140/api/tasks,18726,0,30
1698434541973,18695,HTTP Request convertir archivo,201,CREATED,Prueba 1 1-3,text,true,,295,24801524,35,35,http://34.67.235.140/api/tasks,18695,0,29
1698434542476,18651,HTTP Request convertir archivo,201,CREATED,Prueba 1 1-5,text,true,,295,24801524,34,34,http://34.67.235.140/api/tasks,18651,0,29
1698434542992,18637,HTTP Request convertir archivo,201,CREATED,Prueba 1 1-8,text,true,,295,24801528,33,33,http://34.67.235.140/api/tasks,18637,0,28
1698434543483,18685,HTTP Request convertir archivo,201,CREATED,Prueba 1 1-19,text,true,,295,24801512,33,33,http://34.67.235.140/api/tasks,18685,0,27
1698434543993,18661,HTTP Request convertir archivo,201,CREATED,Prueba 1 1-20,text,true,,295,24801500,33,33,http://34.67.235.140/api/tasks,18661,0,29
1698434544474,18678,HTTP Request convertir archivo,201,CREATED,Prueba 1 1-17,text,true,,295,24801520,33,33,http://34.67.235.140/api/tasks,18678,0,26
1698434544996,18670,HTTP Request convertir archivo,201,CREATED,Prueba 1 1-4,text,true,,295,24801488,33,33,http://34.67.235.140/api/tasks,18670,0,29
1698434545517,18640,HTTP Request convertir archivo,201,CREATED,Prueba 1 1-1,text,true,,295,24801512,32,32,http://34.67.235.140/api/tasks,18640,0,28
1698434546163,18507,HTTP Request convertir archivo,201,CREATED,Prueba 1 1-2,text,true,,295,24801504,32,32,http://34.67.235.140/api/tasks,18507,0,28
1698434546649,18498,HTTP Request convertir archivo,201,CREATED,Prueba 1 1-14,text,true,,295,24801528,31,31,http://34.67.235.140/api/tasks,18498,0,29
1698434547137,18495,HTTP Request convertir archivo,201,CREATED,Prueba 1 1-10,text,true,,295,24801504,30,30,http://34.67.235.140/api/tasks,18495,0,30
1698434547653,18483,HTTP Request convertir archivo,201,CREATED,Prueba 1 1-12,text,true,,295,24801488,30,30,http://34.67.235.140/api/tasks,18483,0,30
1698434548149,18509,HTTP Request convertir archivo,201,CREATED,Prueba 1 1-11,text,true,,295,24801492,30,30,http://34.67.235.140/api/tasks,18509,0,0
1698434548660,18509,HTTP Request convertir archivo,201,CREATED,Prueba 1 1-15,text,true,,295,24801528,30,30,http://34.67.235.140/api/tasks,18509,0,0
1698434549121,18558,HTTP Request convertir archivo,201,CREATED,Prueba 1 1-22,text,true,,295,24801504,29,29,http://34.67.235.140/api/tasks,18558,0,0
1698434549608,18586,HTTP Request convertir archivo,201,CREATED,Prueba 1 1-21,text,true,,295,24801508,29,29,http://34.67.235.140/api/tasks,18586,0,30
1698434550162,18538,HTTP Request convertir archivo,201,CREATED,Prueba 1 1-13,text,true,,295,24801516,29,29,http://34.67.235.140/api/tasks,18538,0,0
1698434550671,18519,HTTP Request convertir archivo,201,CREATED,Prueba 1 1-16,text,true,,295,24801524,29,29,http://34.67.235.140/api/tasks,18519,0,0
1698434551148,18536,HTTP Request convertir archivo,201,CREATED,Prueba 1 1-23,text,true,,295,24801508,28,28,http://34.67.235.140/api/tasks,18536,0,0
1698434551627,18577,HTTP Request convertir archivo,201,CREATED,Prueba 1 1-6,text,true,,295,24801492,27,27,http://34.67.235.140/api/tasks,18577,0,0
1698434552123,18598,HTTP Request convertir archivo,201,CREATED,Prueba 1 1-26,text,true,,295,24801496,26,26,http://34.67.235.140/api/tasks,18598,0,0
1698434552754,18482,HTTP Request convertir archivo,201,CREATED,Prueba 1 1-25,text,true,,295,24801500,25,25,http://34.67.235.140/api/tasks,18482,0,0
1698434553255,18496,HTTP Request convertir archivo,201,CREATED,Prueba 1 1-7,text,true,,295,24801504,24,24,http://34.67.235.140/api/tasks,18496,0,0
1698434553741,18517,HTTP Request convertir archivo,201,CREATED,Prueba 1 1-18,text,true,,295,24801524,23,23,http://34.67.235.140/api/tasks,18517,0,0
1698434554226,18514,HTTP Request convertir archivo,201,CREATED,Prueba 1 1-24,text,true,,295,24801488,22,22,http://34.67.235.140/api/tasks,18514,0,0
1698434554692,18564,HTTP Request convertir archivo,201,CREATED,Prueba 1 1-27,text,true,,295,24801500,21,21,http://34.67.235.140/api/tasks,18564,0,0
1698434555136,18648,HTTP Request convertir archivo,201,CREATED,Prueba 1 1-29,text,true,,295,24801524,20,20,http://34.67.235.140/api/tasks,18648,0,0
1698434555651,18660,HTTP Request convertir archivo,201,CREATED,Prueba 1 1-31,text,true,,295,24801524,19,19,http://34.67.235.140/api/tasks,18660,0,0
1698434556080,18755,HTTP Request convertir archivo,201,CREATED,Prueba 1 1-33,text,true,,295,24801516,18,18,http://34.67.235.140/api/tasks,18755,0,0
1698434556537,18810,HTTP Request convertir archivo,201,CREATED,Prueba 1 1-32,text,true,,295,24801524,17,17,http://34.67.235.140/api/tasks,18810,0,0
1698434557016,18848,HTTP Request convertir archivo,201,CREATED,Prueba 1 1-34,text,true,,295,24801504,16,16,http://34.67.235.140/api/tasks,18848,0,0
1698434557542,18820,HTTP Request convertir archivo,201,CREATED,Prueba 1 1-35,text,true,,295,24801516,15,15,http://34.67.235.140/api/tasks,18820,0,0
1698434558337,18532,HTTP Request convertir archivo,201,CREATED,Prueba 1 1-30,text,true,,295,24801500,14,14,http://34.67.235.140/api/tasks,18532,0,0
1698434559576,17760,HTTP Request convertir archivo,201,CREATED,Prueba 1 1-28,text,true,,295,24801500,13,13,http://34.67.235.140/api/tasks,17760,0,0
1698434560189,17618,HTTP Request convertir archivo,201,CREATED,Prueba 1 1-9,text,true,,295,24801528,12,12,http://34.67.235.140/api/tasks,17618,0,0
1698434561628,16581,HTTP Request convertir archivo,201,CREATED,Prueba 1 1-8,text,true,,295,24801508,11,11,http://34.67.235.140/api/tasks,16581,0,0
1698434562167,16418,HTTP Request convertir archivo,201,CREATED,Prueba 1 1-19,text,true,,295,24801516,10,10,http://34.67.235.140/api/tasks,16418,0,0
1698434562655,16325,HTTP Request convertir archivo,201,CREATED,Prueba 1 1-20,text,true,,295,24801524,9,9,http://34.67.235.140/api/tasks,16325,0,0
1698434563153,16225,HTTP Request convertir archivo,201,CREATED,Prueba 1 1-17,text,true,,295,24801512,8,8,http://34.67.235.140/api/tasks,16225,0,0
1698434564157,15616,HTTP Request convertir archivo,201,CREATED,Prueba 1 1-1,text,true,,295,24801496,7,7,http://34.67.235.140/api/tasks,15616,0,0
1698434565633,14531,HTTP Request convertir archivo,201,CREATED,Prueba 1 1-10,text,true,,295,24801492,6,6,http://34.67.235.140/api/tasks,14531,0,0
1698434566136,14429,HTTP Request convertir archivo,201,CREATED,Prueba 1 1-12,text,true,,295,24801492,5,5,http://34.67.235.140/api/tasks,14429,0,0
1698434566658,14370,HTTP Request convertir archivo,201,CREATED,Prueba 1 1-11,text,true,,295,24801516,4,4,http://34.67.235.140/api/tasks,14370,0,0
1698434567680,13757,HTTP Request convertir archivo,201,CREATED,Prueba 1 1-22,text,true,,295,24801504,3,3,http://34.67.235.140/api/tasks,13757,0,0
1698434568194,13729,HTTP Request convertir archivo,201,CREATED,Prueba 1 1-21,text,true,,295,24801496,2,2,http://34.67.235.140/api/tasks,13729,0,0
1698434568700,13643,HTTP Request convertir archivo,201,CREATED,Prueba 1 1-13,text,true,,295,24801516,1,1,http://34.67.235.140/api/tasks,13643,0,0
